,Address,Latitude,Longitude,X,Y,Distance from center
0,"Khu 6, Xã Bình Hưng, Huyện Bình Chánh, Thành phố Hồ Chí Minh, 72915",10.721284043775993,106.67755734042088,683457.385186285,1185661.6936977168,5992.495306631284
1,"Phạm Hùng, Khu 6, Khu Dân cư T30, Xã Bình Hưng, Huyện Bình Chánh, Thành phố Hồ Chí Minh, 72915",10.721254442584298,106.68304217578105,684057.385186285,1185661.6936977168,5840.37670017936
2,"Đường số 1, Khu 6, Xã Bình Hưng, Huyện Bình Chánh, Thành phố Hồ Chí Minh, 72915",10.721224744876938,106.68852699508263,684657.385186285,1185661.6936977168,5747.173218200227
3,"Đường A, Khu dân cư Phước Kiểng, Khu Dân cư Phước Kiển, Xã Phước Kiển, Huyện Nhà Bè, Thành phố Hồ Chí Minh, 72915",10.721194950655256,106.69401179827337,685257.385186285,1185661.6936977168,5715.7676649771165
4,"Xã Phước Kiển, Huyện Nhà Bè, Thành phố Hồ Chí Minh, 72915",10.721165059920601,106.69949658530098,685857.385186285,1185661.6936977168,5747.173218200227
5,"Xã Phước Kiển, Huyện Nhà Bè, Thành phố Hồ Chí Minh, 756604",10.721135072674322,106.70498135611321,686457.385186285,1185661.6936977168,5840.37670017936
6,"Trường Đinh Thiện Lý, 80, Nguyễn Đức Cảnh, Khu Cảnh Đồi, Phú Mỹ Hưng, Phường Tân Phong, Quận 7, Thành phố Hồ Chí Minh, 756604",10.721104988917777,106.71046611065779,687057.385186285,1185661.6936977168,5992.495306631284
7,"Cầu Xóm Củi, Đường Nguyễn Văn Linh, Xã Bình Hưng, Huyện Bình Chánh, Thành phố Hồ Chí Minh, 756912",10.726025745312086,106.66935581649388,682557.385186285,1186181.3089399873,5855.7663887829085
8,"Xã Bình Hưng, Huyện Bình Chánh, Thành phố Hồ Chí Minh, 756912",10.725996275695612,106.67484076038343,683157.385186285,1186181.3089399873,5604.462507680789
9,"Khu 6, Xã Bình Hưng, Huyện Bình Chánh, Thành phố Hồ Chí Minh, 756912",10.725966709518223,106.68032568829162,683757.385186285,1186181.3089399873,5408.32691319595
10,"Khu 6, Xã Bình Hưng, Huyện Bình Chánh, Thành phố Hồ Chí Minh, 72915",10.725937046781246,106.68581060016614,684357.385186285,1186181.3089399873,5273.518749374049
11,"số 12, Khu Dân Cư Ven Sông, Phường Tân Phong, Quận 7, Thành phố Hồ Chí Minh, 72915",10.725907287486026,106.69129549595475,684957.385186285,1186181.3089399873,5204.8054718692065
12,"Đường số 1, Khu 4 - Khu dân cư Ven Sông, Phường Tân Phong, Quận 7, Thành phố Hồ Chí Minh, 72915",10.72587743163391,106.69678037560519,685557.385186285,1186181.3089399873,5204.8054718692065
13,"Trạm Xử lý nước thải Phú Mỹ Hưng, Nguyễn Phan Chánh, Khu Cảnh Đồi, Phú Mỹ Hưng, Phường Tân Phong, Quận 7, Thành phố Hồ Chí Minh, 72915",10.72584747922624,106.70226523906516,686157.385186285,1186181.3089399873,5273.518749374049
14,"Riverpark Residence, 81, Hà Huy Tập, Khu Cảnh Đồi, Phú Mỹ Hưng, Phường Tân Phong, Quận 7, Thành phố Hồ Chí Minh, 756604",10.72581743026438,106.70775008628239,686757.385186285,1186181.3089399873,5408.32691319595
15,"Hà Huy Tập, Khu Cảnh Đồi, Phú Mỹ Hưng, Phường Tân Phong, Quận 7, Thành phố Hồ Chí Minh, 756604",10.72578728474969,106.71323491720464,687357.385186285,1186181.3089399873,5604.462507680789
16,"Hồ Bán Nguyệt, Tôn Dật Tiên, The Crescent, Khu Hồ Bán Nguyệt, Quận 7, Thành phố Hồ Chí Minh, 756604",10.725757042683517,106.71871973177963,687957.385186285,1186181.3089399873,5855.7663887829085
17,"Xã Bình Hưng, Huyện Bình Chánh, Thành phố Hồ Chí Minh, 750510",10.730767267645286,106.66115401499408,681657.385186285,1186700.924182258,5901.694671871702
18,"Xã Bình Hưng, Huyện Bình Chánh, Thành phố Hồ Chí Minh, 750510",10.730737929736405,106.6666390673382,682257.385186285,1186700.924182258,5556.077753235535
19,"Xã Bình Hưng, Huyện Bình Chánh, Thành phố Hồ Chí Minh, 72000",10.730708495221357,106.67212410377815,682857.385186285,1186700.924182258,5256.424640380458
20,"Hẻm C8, Xã Bình Hưng, Huyện Bình Chánh, Thành phố Hồ Chí Minh, 756912",10.730678964101463,106.67760912426168,683457.385186285,1186700.924182258,5010.987926546903
21,"Xã Bình Hưng, Huyện Bình Chánh, Thành phố Hồ Chí Minh, 756912",10.730649336378065,106.6830941287365,684057.385186285,1186700.924182258,4828.043081829203
22,"Thảo Loan Plaza, Đường số 9A, KDC Trung Sơn, Khu 6, Xã Bình Hưng, Huyện Bình Chánh, Thành phố Hồ Chí Minh, 72915",10.730619612052497,106.68857911715034,684657.385186285,1186700.924182258,4714.870093650389
23,"RMIT University Vietnam - Saigon South Campus, 702, Đường Nguyễn Văn Linh, Khu 3 - Khu Đại học, Phường Tân Phong, Quận 7, Thành phố Hồ Chí Minh, 72915",10.730589791126105,106.6940640894509,685257.385186285,1186700.924182258,4676.537180435844
24,"ĐH Tôn Đức Thắng, 19, Nguyễn Hữu Thọ, Khu 3 - Khu Đại học, Phường Tân Phong, Quận 7, Thành phố Hồ Chí Minh, 72915",10.730559873600244,106.69954904558595,685857.385186285,1186700.924182258,4714.870093650389
25,"Richlane Residence, Vivo city, Khu 2, Phường Tân Phong, Quận 7, Thành phố Hồ Chí Minh, 72915",10.73052985947626,106.70503398550319,686457.385186285,1186700.924182258,4828.043081829203
26,"Đặng Đại Độ, Khu Văn hóa Giải trí, Hưng Vượng 1, Phường Tân Phong, Quận 7, Thành phố Hồ Chí Minh, 756604",10.73049974875551,106.71051890915037,687057.385186285,1186700.924182258,5010.987926546903
27,"Golf Nam Sai Gon, Tôn Dật Tiên, Khu Y Tế Điều Dưỡng, Phú Mỹ Hưng, Phường Tân Phú, Quận 7, Thành phố Hồ Chí Minh, 756604",10.730469541439357,106.7160038164752,687657.385186285,1186700.924182258,5256.424640380458
28,"SECC - Trung tâm Hội nghị và Triển lãm Sài Gòn, Hoàng Văn Thái, The Crescent, Khu Hồ Bán Nguyệt, Quận 7, Thành phố Hồ Chí Minh, 756604",10.73043923752917,106.72148870742541,688257.385186285,1186700.924182258,5556.077753235535
29,"Tân Phú, Phú Mỹ Hưng, Phường Tân Phú, Quận 7, Thành phố Hồ Chí Minh, 756604",10.730408837026314,106.72697358194873,688857.385186285,1186700.924182258,5901.694671871702
30,"Trường THCS Sương Nguyệt Ánh, Dủổng 195, Khu dân cư Hiệp Ân, Phường 5, Quận 8, Thành phố Hồ Chí Minh, 750510",10.735479404411352,106.65843709663818,681357.385186285,1187220.5394245286,5700.000000000014
31,"Hẻm 283/12/2 Bông Sao, Khu dân cư Hiệp Ân, Phường 5, Quận 8, Thành phố Hồ Chí Minh, 72000",10.73545010169101,106.66392224153508,681957.385186285,1187220.5394245286,5307.5418038862545
32,"Đường 394 Tạ Quang Bửu, Khu dân cư Hiệp Ân, Phường 5, Quận 8, Thành phố Hồ Chí Minh, 72000",10.73542070232057,106.66940737055276,682557.385186285,1187220.5394245286,4956.813492557507
33,"Xã Bình Hưng, Huyện Bình Chánh, Thành phố Hồ Chí Minh, 756912",10.735391206301376,106.67489248363897,683157.385186285,1187220.5394245286,4657.252408878024
34,"Trường trung cấp nghiệp vụ nam Sài Gòn, Cao Lỗ, Phường 4, Quận 8, Thành phố Hồ Chí Minh, 756912",10.735361613634746,106.6803775807414,683757.385186285,1187220.5394245286,4419.275958796888
35,"KDC 6A Intresco, Khu 6, Xã Bình Hưng, Huyện Bình Chánh, Thành phố Hồ Chí Minh, 756912",10.735331924322029,106.6858626618078,684357.385186285,1187220.5394245286,4253.234063627366
36,"Đường số 5, KDC Trung Sơn, Khu 6, Xã Bình Hưng, Huyện Bình Chánh, Thành phố Hồ Chí Minh, 756912",10.73530213836456,106.69134772678588,684957.385186285,1187220.5394245286,4167.73319683496
37,"Đại học Cảnh sát Nhân dân, Nguyễn Hữu Thọ, Khu 2, Khu Dân cư Kim Sơn, Quận 7, Thành phố Hồ Chí Minh, 72915",10.735272255763693,106.69683277562335,685557.385186285,1187220.5394245286,4167.73319683496
38,"hoa, 523, Lê Văn Lương, Khu 2, Khu Dân cư Kim Sơn, Quận 7, Thành phố Hồ Chí Minh, 72915",10.735242276520777,106.70231780826794,686157.385186285,1187220.5394245286,4253.234063627366
39,"Hưng Thái 2, Nguyễn Đồng Chi, Khu Văn hóa Giải trí, Hưng Thái, Phường Tân Phong, Quận 7, Thành phố Hồ Chí Minh, 72915",10.735212200637164,106.70780282466738,686757.385186285,1187220.5394245286,4419.275958796888
40,"Số 25 Tân Quy Đông, Khu Dân Cư Tân Quy Đông, Phường Tân Phong, Quận 7, Thành phố Hồ Chí Minh, 756604",10.735182028114219,106.7132878247694,687357.385186285,1187220.5394245286,4657.252408878024
41,"Đường số 8, Khu Y Tế Điều Dưỡng, Phú Mỹ Hưng, Phường Tân Phú, Quận 7, Thành phố Hồ Chí Minh, 756604",10.735151758953302,106.7187728085217,687957.385186285,1187220.5394245286,4956.813492557507
42,"Phường Tân Phú, Quận 7, Thành phố Hồ Chí Minh, 756604",10.735121393155781,106.72425777587205,688557.385186285,1187220.5394245286,5307.5418038862545
43,"Hẻm 588 Huỳnh Tấn Phát, Phường Tân Phú, Quận 7, Thành phố Hồ Chí Minh, 756604",10.735090930723036,106.72974272676812,689157.385186285,1187220.5394245286,5700.000000000014
44,"Hẻm 1459 Phạm Thế Hiển, Phường 6, Quận 8, Thành phố Hồ Chí Minh, 750510",10.740191528631863,106.65572010155525,681057.385186285,1187740.1546667994,5556.077753235593
45,"Hẻm 90/12 Bông Sao, Khu dân cư Hiệp Ân, Phường 5, Quận 8, Thành phố Hồ Chí Minh, 72000",10.74016226114325,106.66120533903224,681657.385186285,1187740.1546667994,5117.616632769544
46,"KDC Him Lam, Dương Quang Đông, Khu dân cư Hiệp Ân, Phường 5, Quận 8, Thành phố Hồ Chí Minh, 72000",10.740132896960628,106.66669056065498,682257.385186285,1187740.1546667994,4714.870093650458
47,"Đường số 17, Phường 4, Quận 8, Thành phố Hồ Chí Minh, 72000",10.740103436085322,106.67217576637121,682857.385186285,1187740.1546667994,4357.751713900126
48,"Trần Thị Nơi, Phường 4, Quận 8, Thành phố Hồ Chí Minh, 756912",10.74007387851866,106.6776609561286,683457.385186285,1187740.1546667994,4058.324777540541
49,"Đường ven sông Xáng, Phường 3, Quận 8, Thành phố Hồ Chí Minh, 756912",10.740044224261986,106.6831461298749,684057.385186285,1187740.1546667994,3830.143600441044
50,"Khu 6, Khu 5 - Khu Thể thao, Xã Bình Hưng, Huyện Bình Chánh, Thành phố Hồ Chí Minh, 756912",10.740014473316638,106.68863128755781,684657.385186285,1187740.1546667994,3686.461718233282
51,"Khu dân cư Him Lam, Phường Tân Hưng, Quận 7, Thành phố Hồ Chí Minh, 756912",10.739984625683961,106.69411642912505,685257.385186285,1187740.1546667994,3637.306695894571
52,"Duong so 14, Khu dân cư Him Lam, Phường Tân Hưng, Quận 7, Thành phố Hồ Chí Minh, 756912",10.739954681365303,106.69960155452435,685857.385186285,1187740.1546667994,3686.461718233282
53,"Đường Nguyễn Thị Thập, Phường Tân Quy, Phường Tân Hưng, Quận 7, Thành phố Hồ Chí Minh, 756604",10.73992464036202,106.70508666370341,686457.385186285,1187740.1546667994,3830.143600441044
54,"Đường số 79, Phường Tân Quy, Quận 7, Thành phố Hồ Chí Minh, 756604",10.739894502675472,106.71057175660998,687057.385186285,1187740.1546667994,4058.324777540541
55,"Phi Saigon, 247, Lâm Văn Bền, Phường Tân Kiểng, Quận 7, Thành phố Hồ Chí Minh, 756604",10.739864268307016,106.71605683319174,687657.385186285,1187740.1546667994,4357.751713900126
56,"Cầu Đa Khoa, Đường Nguyễn Văn Linh, Phường Tân Thuận Tây, Quận 7, Thành phố Hồ Chí Minh, 756604",10.739833937258028,106.72154189339645,688257.385186285,1187740.1546667994,4714.870093650458
57,"Phường Bình Thuận, Quận 7, Thành phố Hồ Chí Minh, 756604",10.73980350952987,106.72702693717181,688857.385186285,1187740.1546667994,5117.616632769544
58,"Nguyễn Văn Quỳ, Phường Phú Thuận, Phường Tân Thuận Đông, Quận 7, Thành phố Hồ Chí Minh, 756604",10.739772985123922,106.73251196446557,689457.385186285,1187740.1546667994,5556.077753235593
59,"Phường 3, Quận 6, Thành phố Hồ Chí Minh, 750510",10.744932775748588,106.64751768383154,680157.385186285,1188259.76990907,5977.457653551299
60,"Bến Bình Đông, Phường 13, Quận 8, Thành phố Hồ Chí Minh, 750510",10.744903640274163,106.65300302969297,680757.385186285,1188259.76990907,5474.4862772683055
61,"Hẻm 75 Cao Xuân Dục, Phường 12, Quận 8, Thành phố Hồ Chí Minh, 72000",10.744874408060488,106.65848835977741,681357.385186285,1188259.76990907,4992.995093127871
62,"Hẻm 88 Dã Tượng, Phường 10, Quận 8, Thành phố Hồ Chí Minh, 72000",10.744845079108876,106.66397367403255,681957.385186285,1188259.76990907,4539.823785126356
63,"Nguyễn Duy, Phường 9, Quận 8, Thành phố Hồ Chí Minh, 72000",10.74481565342066,106.6694589724061,682557.385186285,1188259.76990907,4124.318125460134
64,"Hẻm 672 Phạm Thế Hiển, Phường 4, Quận 8, Thành phố Hồ Chí Minh, 72000",10.744786130997168,106.6749442548458,683157.385186285,1188259.76990907,3758.989225842367
65,"Hẻm 154/51 Âu Dương Lân, Phường 3, Quận 8, Thành phố Hồ Chí Minh, 756912",10.744756511839737,106.68042952129933,683757.385186285,1188259.76990907,3459.7687784010936
66,"Tạ Quang Bửu, Phường 2, Quận 8, Thành phố Hồ Chí Minh, 756912",10.744726795949703,106.68591477171442,684357.385186285,1188259.76990907,3244.996147917436
67,"Hẻm 511 Dương Bá Trạc, Phường 1, Quận 8, Thành phố Hồ Chí Minh, 756912",10.744696983328408,106.6914000060388,684957.385186285,1188259.76990907,3132.091952673005
68,"Đường số 7, Phường Tân Hưng, Quận 7, Thành phố Hồ Chí Minh, 756912",10.744667073977206,106.69688522422014,685557.385186285,1188259.76990907,3132.091952673005
69,"Đường số 15, Phường Tân Hưng, Quận 7, Thành phố Hồ Chí Minh, 756912",10.744637067897449,106.7023704262062,686157.385186285,1188259.76990907,3244.996147917436
70,"Đường số 19, Phường Tân Quy, Quận 7, Thành phố Hồ Chí Minh, 756604",10.744606965090489,106.70785561194465,686757.385186285,1188259.76990907,3459.7687784010936
71,"Đường Số 37, Phường Tân Quy, Quận 7, Thành phố Hồ Chí Minh, 756604",10.744576765557692,106.71334078138325,687357.385186285,1188259.76990907,3758.989225842367
72,"Hẻm 300/34 Nguyễn Văn Linh, Phường Bình Thuận, Quận 7, Thành phố Hồ Chí Minh, 756604",10.744546469300419,106.7188259344697,687957.385186285,1188259.76990907,4124.318125460134
73,"Lý Phục Man, Phường Bình Thuận, Phường Tân Thuận Đông, Quận 7, Thành phố Hồ Chí Minh, 756604",10.744516076320044,106.72431107115172,688557.385186285,1188259.76990907,4539.823785126356
74,"Phường Tân Thuận Đông, Quận 7, Thành phố Hồ Chí Minh, 756604",10.744485586617941,106.72979619137702,689157.385186285,1188259.76990907,4992.995093127871
75,"Đường Số 8, Khu Dân Cư Nam Long, Phường Tân Thuận Đông, Quận 7, Thành phố Hồ Chí Minh, 756604",10.744455000195487,106.73528129509334,689757.385186285,1188259.76990907,5474.4862772683055
76,"Cầu Phú Mỹ, Phú Mỹ Hưng, Phường Tân Phú, Phường Thạnh Mỹ Lợi, Quận 7, Thành phố Hồ Chí Minh, 756604",10.744424317054067,106.7407663822484,690357.385186285,1188259.76990907,5977.457653551299
77,"Bửu Đình, Phường 5, Quận 6, Thành phố Hồ Chí Minh, 750510",10.749644839417986,106.64480044252785,679857.385186285,1188779.3851513406,5992.4953066314465
78,"Lê Tấn Kế, Phường 2, Quận 6, Thành phố Hồ Chí Minh, 750510",10.749615739305618,106.65028588099908,680457.385186285,1188779.3851513406,5458.021619598067
79,"Kim Biên, Phường 13, Quận 5, Thành phố Hồ Chí Minh, 750510",10.749586542410077,106.65577130371828,681057.385186285,1188779.3851513406,4938.623289946289
80,"Đường Võ Văn Kiệt, Phường 6, Quận 5, Thành phố Hồ Chí Minh, 72000",10.74955724873268,106.66125671063314,681657.385186285,1188779.3851513406,4439.5945760846125
81,"Bình Đông, Phường 11, Quận 8, Thành phố Hồ Chí Minh, 72000",10.749527858274757,106.66674210169138,682257.385186285,1188779.3851513406,3968.6269665968744
82,"Võ Văn Kiệt, Phường 6, Quận 5, Thành phố Hồ Chí Minh, 72000",10.749498371037628,106.67222747684072,682857.385186285,1188779.3851513406,3536.9478367654656
83,"Viện Vệ sinh Y tế công cộng, 159, Hưng Phú, Phường 9, Quận 8, Thành phố Hồ Chí Minh, 756912",10.749468787022636,106.67771283602885,683457.385186285,1188779.3851513406,3160.6961258558067
84,"Hẻm 304 Phạm Thế Hiển, Phường 3, Quận 8, Thành phố Hồ Chí Minh, 756912",10.749439106231113,106.68319817920346,684057.385186285,1188779.3851513406,2861.8176042508208
85,"Hẻm 45 Dương Bá Trạc, Phường 1, Quận 8, Thành phố Hồ Chí Minh, 756912",10.749409328664404,106.68868350631229,684657.385186285,1188779.3851513406,2666.458325194659
86,"Hẻm 1041 Trần Xuân Soạn, Phường Tân Hưng, Quận 7, Thành phố Hồ Chí Minh, 756912",10.749379454323858,106.69416881730304,685257.385186285,1188779.3851513406,2598.0762113532983
87,"Hẻm 793 Trần Xuân Soạn, Phường Tân Hưng, Quận 7, Thành phố Hồ Chí Minh, 756912",10.749349483210818,106.69965411212343,685857.385186285,1188779.3851513406,2666.458325194659
88,"phuoc long, 137, Lê Văn Lương, Phường Tân Kiểng, Phường Tân Hưng, Quận 7, Thành phố Hồ Chí Minh, 72915",10.749319415326644,106.70513939072116,686457.385186285,1188779.3851513406,2861.8176042508208
89,"Bế Văn Cấm, Phường Tân Kiểng, Quận 7, Thành phố Hồ Chí Minh, 710200",10.749289250672696,106.71062465304395,687057.385186285,1188779.3851513406,3160.6961258558067
90,"Mì Chú Cao, 26 M, Đường số 9M, Phường Tân Thuận Tây, Quận 7, Thành phố Hồ Chí Minh, 756604",10.74925898925034,106.71610989903951,687657.385186285,1188779.3851513406,3536.9478367654656
91,"UBND Phường Tân Thuận Tây, Đường Nguyễn Văn Linh, Phường Tân Thuận Tây, Quận 7, Thành phố Hồ Chí Minh, 756604",10.749228631060937,106.72159512865554,688257.385186285,1188779.3851513406,3968.6269665968744
92,"Hẻm 27 Tân Thuận Tây, Phường Bình Thuận, Quận 7, Thành phố Hồ Chí Minh, 756604",10.749198176105866,106.72708034183978,688857.385186285,1188779.3851513406,4439.5945760846125
93,"Hẻm 118 Bùi Văn Ba, Phường Tân Thuận Đông, Quận 7, Thành phố Hồ Chí Minh, 756604",10.749167624386505,106.73256553853993,689457.385186285,1188779.3851513406,4938.623289946289
94,"Bùi Văn Ba, Phường Tân Thuận Đông, Quận 7, Thành phố Hồ Chí Minh, 756604",10.749136975904232,106.73805071870372,690057.385186285,1188779.3851513406,5458.021619598067
95,"Bùi Văn Ba, Phường Tân Thuận Đông, Quận 7, Thành phố Hồ Chí Minh, 756604",10.749106230660434,106.74353588227886,690657.385186285,1188779.3851513406,5992.4953066314465
96,"Hẻm 3 Lò Siêu, Phường 16, Quận 11, Thành phố Hồ Chí Minh, 750510",10.754327825693569,106.6475686554213,680157.385186285,1189299.0003936114,5507.267925205705
97,"Phường 15, Quận 5, Thành phố Hồ Chí Minh, 750510",10.754298664159366,106.65305417080258,680757.385186285,1189299.0003936114,4956.813492557447
98,"SaigonBank, Đường Hồng Bàng, Phường 11, Quận 5, Thành phố Hồ Chí Minh, 72000",10.754269405799391,106.6585396704045,681357.385186285,1189299.0003936114,4419.27595879682
99,"Xe Phon Linh, Đường Tản Đà, Phường 11, Quận 5, Thành phố Hồ Chí Minh, 72000",10.754240050614955,106.66402515417475,681957.385186285,1189299.0003936114,3899.9999999999427
100,"141, Đường Nguyễn Tri Phương, Phường 8, Quận 5, Thành phố Hồ Chí Minh, 72000",10.754210598607402,106.66951062206105,682557.385186285,1189299.0003936114,3407.3450074800985
101,"Phường 7, Quận 5, Thành phố Hồ Chí Minh, 72000",10.75418104977805,106.6749960740111,683157.385186285,1189299.0003936114,2954.6573405387558
102,"women Cloth shop, Cao Đạt, Phường 1, Quận 5, Thành phố Hồ Chí Minh, 710400",10.754151404128239,106.6804815099726,683757.385186285,1189299.0003936114,2563.2011235951722
103,"Võ Văn Kiệt, Phường 1, Quận 5, Thành phố Hồ Chí Minh, 710400",10.75412166165931,106.68596692989324,684357.385186285,1189299.0003936114,2264.9503305811263
104,"M3, Bến Vân Đồn, Chung cư Khánh Hội 1, Phường 1, Quận 4, Thành phố Hồ Chí Minh, 756912",10.754091822372612,106.69145233372076,684957.385186285,1189299.0003936114,2099.9999999998936
105,"Hẻm 12 Nguyễn Khoái, Phường 2, Quận 4, Thành phố Hồ Chí Minh, 756912",10.754061886269492,106.69693772140285,685557.385186285,1189299.0003936114,2099.9999999998936
106,"Khánh Hội, Phường 4, Quận 4, Thành phố Hồ Chí Minh, 710200",10.754031853351302,106.70242309288719,686157.385186285,1189299.0003936114,2264.9503305811263
107,"Phường 15, Quận 4, Thành phố Hồ Chí Minh, 710200",10.754001723619398,106.70790844812153,686757.385186285,1189299.0003936114,2563.2011235951722
108,"Hẻm 76 Tôn Thất Thuyết, Phường 16, Quận 4, Thành phố Hồ Chí Minh, 8408",10.753971497075147,106.71339378705356,687357.385186285,1189299.0003936114,2954.6573405387558
109,"Kênh Tẻ, Nguyễn Văn Cừ, Phường 2, Quận 5, Thành phố Hồ Chí Minh, 756912",10.753941173719914,106.71887910963099,687957.385186285,1189299.0003936114,3407.3450074800985
110,"Phường Tân Thuận Tây, Phường Tân Thuận Đông, Quận 7, Thành phố Hồ Chí Minh, 8408",10.753910753555074,106.72436441580155,688557.385186285,1189299.0003936114,3899.9999999999427
111,"Chùa Giác Huệ, Đường Số 2, KCX Tân Thuận, Phường Tân Thuận Đông, Quận 7, Thành phố Hồ Chí Minh, 756604",10.753880236581994,106.7298497055129,689157.385186285,1189299.0003936114,4419.27595879682
112,"Tân Thuận, KCX Tân Thuận, Phường Tân Thuận Đông, Quận 7, Thành phố Hồ Chí Minh, 756604",10.75384962280206,106.73533497871281,689757.385186285,1189299.0003936114,4956.813492557447
113,"tòa nhà FPT Tân Thuận 2, đường nội bộ FPT Tân Thuận 2, KCX Tân Thuận, Phường Tân Thuận Đông, Quận 7, Thành phố Hồ Chí Minh, 756604",10.753818912216655,106.74082023534899,690357.385186285,1189299.0003936114,5507.267925205705
114,"239, Đường Xóm Đất, Phường 8, Quận 11, Thành phố Hồ Chí Minh, 750510",10.75903989940537,106.6448513529073,679857.385186285,1189818.6156358821,5620.498198558504
115,"Hẻm 115/7 Lò Siêu, Phường 8, Quận 11, Thành phố Hồ Chí Minh, 750510",10.759010773275714,106.650336960978,680457.385186285,1189818.6156358821,5046.781152378156
116,"Đường Đỗ Ngọc Thạnh, Phường 4, Quận 11, Thành phố Hồ Chí Minh, 848",10.758981550276355,106.6558225532943,681057.385186285,1189818.6156358821,4479.955356920355
117,"Coop Mart Lý Thường Kiệt, Đường Lý Thường Kiệt, Phường 12, Quận 5, Thành phố Hồ Chí Minh, 72000",10.758952230408624,106.66130812980391,681657.385186285,1189818.6156358821,3923.009049186528
118,"Trường PT Năng Khiếu, 153, Nguyễn Chí Thanh, Phường 3, Quận 10, Thành phố Hồ Chí Minh, 72000",10.758922813673836,106.66679369045453,682257.385186285,1189818.6156358821,3380.8283008753024
119,"Phường 9, Quận 5, Thành phố Hồ Chí Minh",10.75889330007333,106.67227923519386,682857.385186285,1189818.6156358821,2861.81760425073
120,"LienVietPost, Lê Hồng Phong, Phường 3, Quận 5, Thành phố Hồ Chí Minh, 008408",10.758863689608434,106.67776476396956,683457.385186285,1189818.6156358821,2381.1761799580026
121,"Trường mầm non Vàng Anh, 1, Đường Nguyễn Trãi, Phường 3, Quận 5, Thành phố Hồ Chí Minh, 710400",10.758833982280489,106.68325027672938,684057.385186285,1189818.6156358821,1967.2315572904442
122,"160 STORE, hẻm TK 28, Cầu Kho, Phường Cầu Kho, Quận 1, Thành phố Hồ Chí Minh, 710400",10.758804178090845,106.688735773421,684657.385186285,1189818.6156358821,1670.3293088488228
123,"Đường Bến Vân Đồn, Khu phố 2, Phường 1, Quận 4, Thành phố Hồ Chí Minh, 710200",10.758774277040835,106.69422125399214,685257.385186285,1189818.6156358821,1558.8457268117927
124,"Đường số 45, Phường 6, Quận 4, Thành phố Hồ Chí Minh, 710200",10.758744279131827,106.69970671839047,685857.385186285,1189818.6156358821,1670.3293088488228
125,"105, 266/40, Phường 4, Quận 4, Thành phố Hồ Chí Minh, 710200",10.758714184365166,106.70519216656373,686457.385186285,1189818.6156358821,1967.2315572904442
126,"Phường 14, Quận 4, Thành phố Hồ Chí Minh, 8408",10.75868399274222,106.7106775984596,687057.385186285,1189818.6156358821,2381.1761799580026
127,"Nguyễn Tất Thành, Phường 18, Quận 4, Thành phố Hồ Chí Minh, 8408",10.758653704264352,106.7161630140258,687657.385186285,1189818.6156358821,2861.81760425073
128,"Kênh Tẻ, Nguyễn Văn Cừ, Phường 2, Quận 5, Thành phố Hồ Chí Minh, 756912",10.758623318932932,106.72164841321002,688257.385186285,1189818.6156358821,3380.8283008753024
129,"Lưu Trọng Lư, Phường Tân Thuận Tây, Phường Tân Thuận Đông, Quận 7, Thành phố Hồ Chí Minh, 8408",10.758592836749333,106.72713379595999,688857.385186285,1189818.6156358821,3923.009049186528
130,"Bến Nghé, Phường Tân Thuận Đông, Quận 7, Thành phố Hồ Chí Minh, 8408",10.758562257714932,106.7326191622234,689457.385186285,1189818.6156358821,4479.955356920355
131,"Đường số 10, KCX Tân Thuận, Phường Tân Thuận Đông, Quận 7, Thành phố Hồ Chí Minh, 8408",10.758531581831118,106.73810451194797,690057.385186285,1189818.6156358821,5046.781152378156
132,"Đường só 14, KCX Tân Thuận, Phường Tân Thuận Đông, Quận 7, Thành phố Hồ Chí Minh, 8408",10.758500809099269,106.7435898450814,690657.385186285,1189818.6156358821,5620.498198558504
133,"Mầm non 10, 240, Đường Lạc Long Quân, Phường 10, Quận 11, Thành phố Hồ Chí Minh, 750510",10.763751960408374,106.64213397340478,679557.385186285,1190338.2308781527,5793.96237474838
134,"Đường số 2, Cư Xá Bình Thới, Phường 8, Quận 11, Thành phố Hồ Chí Minh, 70000000",10.76372286972647,106.64761967419223,680157.385186285,1190338.2308781527,5204.805471869231
135,"Hẻm 16 Tuệ Tĩnh, Phường 13, Quận 11, Thành phố Hồ Chí Minh, 70000000",10.763693682130942,106.65310535925026,680757.385186285,1190338.2308781527,4618.4412955021835
136,"Nhà sách Phương Nam, Đường 3 Tháng 2, Phường 13, Quận 11, Thành phố Hồ Chí Minh, 848",10.763664397623112,106.65859102852657,681357.385186285,1190338.2308781527,4036.0872141220993
137,"Đường Nhật Tảo, Phường 6, Quận 10, Thành phố Hồ Chí Minh, 848",10.7636350162043,106.66407668196884,681957.385186285,1190338.2308781527,3459.768778401223
138,"Hẻm 211/11 Vĩnh Viễn, Phường 4, Quận 10, Thành phố Hồ Chí Minh, 848",10.763605537875836,106.66956231952477,682557.385186285,1190338.2308781527,2893.0952282978674
139,"Hẻm 78 Trần Nhân Tôn, Phường 2, Quận 10, Thành phố Hồ Chí Minh, 008408",10.76357596263906,106.67504794114205,683157.385186285,1190338.2308781527,2343.0749027719726
140,"Hẻm 320 Trần Bình Trọng, Phường 4, Quận 5, Thành phố Hồ Chí Minh, 008408",10.7635462904953,106.68053354676839,683757.385186285,1190338.2308781527,1824.8287590894354
141,"Công chứng Gia Định, Hẻm 214 Nguyễn Trãi, Nguyễn Cư Trinh, Phường Nguyễn Cư Trinh, Quận 1, Thành phố Hồ Chí Minh, 710400",10.763516521445904,106.68601913635149,684357.385186285,1190338.2308781527,1374.7727084867115
142,"Ben Vien Răng Hàm Mặt, 263 - 265, Trần Hưng Ðạo, Phường Cô Giang, Quận 1, Thành phố Hồ Chí Minh, 710400",10.763486655492217,106.69150470983902,684957.385186285,1190338.2308781527,1081.6653826391453
143,"Cầu Ông Lãnh, Phường Cầu Ông Lãnh, Quận 1, Thành phố Hồ Chí Minh, 710200",10.76345669263559,106.69699026717872,685557.385186285,1190338.2308781527,1081.6653826391453
144,"Phường 9, Quận 4, Thành phố Hồ Chí Minh, 082",10.763426632877373,106.70247580831824,686157.385186285,1190338.2308781527,1374.7727084867115
145,"Công ty Cổ phần Đầu tư Địa ốc Nam Minh, 144, Nguyễn Tất Thành, Phường 13, Quận 4, Thành phố Hồ Chí Minh, 70000",10.76339647621893,106.70796133320533,686757.385186285,1190338.2308781527,1824.8287590894354
146,"Cây Bàng, Phường Thủ Thiêm, Quận 2, Thành phố Hồ Chí Minh, 8408",10.763366222661622,106.71344684178767,687357.385186285,1190338.2308781527,2343.0749027719726
147,"Cây Bàng, Phường An Lợi Đông, Quận 2, Thành phố Hồ Chí Minh, 8408",10.76333587220682,106.71893233401295,687957.385186285,1190338.2308781527,2893.0952282978674
148,"Phường An Lợi Đông, Quận 2, Thành phố Hồ Chí Minh, 8408",10.763305424855895,106.72441780982889,688557.385186285,1190338.2308781527,3459.768778401223
149,"Phường An Lợi Đông, Quận 2, Thành phố Hồ Chí Minh, 8408",10.763274880610226,106.72990326918318,689157.385186285,1190338.2308781527,4036.0872141220993
150,"Bến Nghé, Phường Tân Thuận Đông, Quận 7, Thành phố Hồ Chí Minh, 8408",10.763244239471192,106.73538871202355,689757.385186285,1190338.2308781527,4618.4412955021835
151,"Đường Số 16, KCX Tân Thuận, Phường Tân Thuận Đông, Quận 7, Thành phố Hồ Chí Minh, 8408",10.763213501440175,106.74087413829767,690357.385186285,1190338.2308781527,5204.805471869231
152,"Đường số 18, KCX Tân Thuận, Phường Tân Thuận Đông, Quận 7, Thành phố Hồ Chí Minh, 8408",10.763182666518569,106.74635954795328,690957.385186285,1190338.2308781527,5793.96237474838
153,"Hẻm 416/6/32 Lạc Long Quân, Phường 5, Quận 11, Thành phố Hồ Chí Minh, 70000000",10.768434953478973,106.64490231039301,679857.385186285,1190857.8461204234,5424.942396007524
154,"Hẻm 72 Bình Thới, Phường 14, Quận 11, Thành phố Hồ Chí Minh, 70000000",10.768405801330486,106.6503880882201,680457.385186285,1190857.8461204234,4828.043081829309
155,"Sân bóng Phú Thọ, Đường Lê Đại Hành, Phường 15, Quận 11, Thành phố Hồ Chí Minh, 70000000",10.768376552225762,106.65587385029042,681057.385186285,1190857.8461204234,4232.020793899747
156,"Hẻm 606 Đường 3/2, Phường 14, Quận 10, Thành phố Hồ Chí Minh, 848",10.768347206166135,106.66135959655168,681657.385186285,1190857.8461204234,3637.306695894622
157,"PVcombank, Thành Thái, Phường 14, Quận 10, Thành phố Hồ Chí Minh, 749000",10.768317763152929,106.66684532695157,682257.385186285,1190857.8461204234,3044.6674695276415
158,"Hẻm 458 Lý Thái Tổ, Phường 10, Quận 10, Thành phố Hồ Chí Minh, 008408",10.768288223187474,106.67233104143779,682857.385186285,1190857.8461204234,2455.6058315617047
159,"Phường 1, Hẻm 661 Ðiện Biên Phủ, Phường 1, Quận 3, Thành phố Hồ Chí Minh, 008408",10.768258586271104,106.67781673995799,683457.385186285,1190857.8461204234,1873.4993995194798
160,"Hẻm 16 Nguyễn Thiện Thuật, Phường 2, Quận 3, Thành phố Hồ Chí Minh, 008408",10.768228852405162,106.68330242245989,684057.385186285,1190857.8461204234,1307.6696830621452
161,"nhà thờ Huyện Sĩ, 1, Tôn Thất Tùng, Phường Phạm Ngũ Lão, Quận 1, Thành phố Hồ Chí Minh, 70200",10.768199021590991,106.6887880888912,684657.385186285,1190857.8461204234,793.7253933192835
162,"Nonlaguys, 24, Hẻm 40, Phường Phạm Ngũ Lão, Quận 1, Thành phố Hồ Chí Minh, 700000",10.768169093829943,106.6942737391996,685257.385186285,1190857.8461204234,519.61524227052
163,"Nhà Bảo, Hẻm Nguyễn Công Trứ, Phường Nguyễn Thái Bình, Quận 1, Thành phố Hồ Chí Minh, 082",10.768139069123373,106.69975937333278,685857.385186285,1190857.8461204234,793.7253933192835
164,"Trường THPT Nguyễn Hữu Thọ, Đường Bến Vân Đồn, Phường 12, Quận 4, Thành phố Hồ Chí Minh, 8408",10.768108947472632,106.70524499123844,686457.385186285,1190857.8461204234,1307.6696830621452
165,"Cây Bàng, Phường Thủ Thiêm, Quận 2, Thành phố Hồ Chí Minh, 8408",10.768078728879084,106.7107305928643,687057.385186285,1190857.8461204234,1873.4993995194798
166,"Đại lộ vòng cung, Phường Thủ Thiêm, Quận 2, Thành phố Hồ Chí Minh, 8408",10.768048413344102,106.716216178158,687657.385186285,1190857.8461204234,2455.6058315617047
167,"Phường An Lợi Đông, Quận 2, Thành phố Hồ Chí Minh, 8408",10.768018000869047,106.7217017470673,688257.385186285,1190857.8461204234,3044.6674695276415
168,"Đướng D9, Phường An Lợi Đông, Quận 2, Thành phố Hồ Chí Minh, 8408",10.767987491455303,106.72718729953986,688857.385186285,1190857.8461204234,3637.306695894622
169,"Phường An Lợi Đông, Quận 2, Thành phố Hồ Chí Minh, 8408",10.767956885104246,106.7326728355234,689457.385186285,1190857.8461204234,4232.020793899747
170,"Phường Tân Thuận Đông, Quận 7, Thành phố Hồ Chí Minh, NGÔ TẤT TỐ",10.767926181817261,106.73815835496562,690057.385186285,1190857.8461204234,4828.043081829309
171,"Đường số 20, KCX Tân Thuận, Phường Tân Thuận Đông, Quận 7, Thành phố Hồ Chí Minh, 8408",10.767895381595732,106.74364385781422,690657.385186285,1190857.8461204234,5424.942396007524
172,"Hẻm 49/52 Trịnh Đình Trọng, Phường 5, Quận Tân Phú, Thành phố Hồ Chí Minh, 70000000",10.773147024500577,106.64218486952797,679557.385186285,1191377.461362694,5700.0
173,"Hẻm 205B/46 Âu Cơ, Phường 5, Quận 11, Thành phố Hồ Chí Minh, 70000000",10.773117907842336,106.64767074015145,680157.385186285,1191377.461362694,5100.0
174,"Hẻm 6 đường số 3, Phường 9, Quận 11, Thành phố Hồ Chí Minh, 70000000",10.773088694183935,106.65315659504314,680757.385186285,1191377.461362694,4500.0
175,"ĐH Bách Khoa TpHCM, 268, Đường Lý Thường Kiệt, Phường 8, Quận 11, Thành phố Hồ Chí Minh, 70000",10.773059383526697,106.65864243415075,681357.385186285,1191377.461362694,3900.0
176,"Hẻm 451/29 Tô Hiến Thành, Phường 14, Quận 10, Thành phố Hồ Chí Minh, 749000",10.77302997587195,106.66412825742194,681957.385186285,1191377.461362694,3300.0
177,"Techcombank, Hẻm 764 Sư Vạn Hạnh, Phường 12, Quận 10, Thành phố Hồ Chí Minh, 749000",10.773000471221023,106.6696140648044,682557.385186285,1191377.461362694,2700.0
178,"52, 3 Tháng 2, Phường 12, Quận 10, Thành phố Hồ Chí Minh, 008408",10.77297086957525,106.67509985624584,683157.385186285,1191377.461362694,2100.0
179,"Nguyễn Hiền, Cà phê AQ, Phường 11, Quận 3, Thành phố Hồ Chí Minh, 7000000",10.772941170935969,106.68058563169394,683757.385186285,1191377.461362694,1500.0
180,"Hẻm 263 Nguyễn Ðình Chiểu, Phường 5, Quận 3, Thành phố Hồ Chí Minh, 70200",10.772911375304522,106.68607139109638,684357.385186285,1191377.461362694,900.0
181,"Cách Mạng Tháng Tám, Phường Bến Thành, Quận 1, Thành phố Hồ Chí Minh, 70200",10.772881482682259,106.69155713440084,684957.385186285,1191377.461362694,300.0
182,"Anpha Boutique Hotel, 202, Lê Thánh Tôn, Phường Bến Thành, Quận 1, Thành phố Hồ Chí Minh, 00084",10.772851493070533,106.69704286155503,685557.385186285,1191377.461362694,300.0
183,"trà sua bobapop, 24, Huỳnh Thúc Kháng, Phường Bến Thành, Quận 1, Thành phố Hồ Chí Minh, 00084",10.7728214064707,106.70252857250665,686157.385186285,1191377.461362694,900.0
184,"FREE, Đường Tôn Ðức Thắng, Phường Bến Nghé, Quận 1, Thành phố Hồ Chí Minh, 8408",10.772791222884111,106.70801426720337,686757.385186285,1191377.461362694,1500.0
185,"Đại lộ vòng cung, Phường Thủ Thiêm, Quận 2, Thành phố Hồ Chí Minh, 8408",10.772760942312148,106.71349994559291,687357.385186285,1191377.461362694,2100.0
186,"Cầu, Phường Thủ Thiêm, Quận 2, Thành phố Hồ Chí Minh, 8408",10.772730564756168,106.71898560762294,687957.385186285,1191377.461362694,2700.0
187,"Hoàng Thế Thiện, Phường An Lợi Đông, Quận 2, Thành phố Hồ Chí Minh, 8408",10.772700090217546,106.72447125324115,688557.385186285,1191377.461362694,3300.0
188,"Đướng Ven Sông - Khu Dân Cư, Phường An Lợi Đông, Quận 2, Thành phố Hồ Chí Minh, NGÔ TẤT TỐ",10.77266951869766,106.72995688239526,689157.385186285,1191377.461362694,3900.0
189,"Phường Tân Thuận Đông, Quận 7, Thành phố Hồ Chí Minh, NGÔ TẤT TỐ",10.772638850197898,106.73544249503296,689757.385186285,1191377.461362694,4500.0
190,"Đường Số 15, KCX Tân Thuận, Phường Tân Thuận Đông, Quận 7, Thành phố Hồ Chí Minh, NGÔ TẤT TỐ",10.772608084719643,106.74092809110194,690357.385186285,1191377.461362694,5100.0
191,"Đường số 24, Phường Tân Thuận Đông, Quận 7, Thành phố Hồ Chí Minh, NGÔ TẤT TỐ",10.772577222264289,106.7464136705499,690957.385186285,1191377.461362694,5700.0
192,"Hẻm 423 Âu Cơ, Phường Phú Trung, Quận Tân Phú, Thành phố Hồ Chí Minh, 711001",10.777830001633848,106.64495331499205,679857.385186285,1191897.0766049647,5424.9423960075455
193,"Hẻm 766 Lạc Long Quân, Phường 9, Quận Tân Bình, Thành phố Hồ Chí Minh, 70000000",10.777800823464977,106.65043926273245,680457.385186285,1191897.0766049647,4828.043081829334
194,"VinMart+, 319, Đường Lý Thường Kiệt, Phường 8, Quận 11, Thành phố Hồ Chí Minh, 70000000",10.777771548253343,106.65592519471373,681057.385186285,1191897.0766049647,4232.020793899776
195,"Đường D.1, Phường 14, Quận 10, Thành phố Hồ Chí Minh, 70000000",10.777742176000265,106.66141111088358,681657.385186285,1191897.0766049647,3637.306695894655
196,"Hẻm 273 Tô Hiến Thành, Phường 13, Quận 10, Thành phố Hồ Chí Minh, 749000",10.777712706707076,106.66689701118966,682257.385186285,1191897.0766049647,3044.667469527681
197,"Hẻm 133 Hòa Hưng, Phường 13, Quận 10, Thành phố Hồ Chí Minh, 749000",10.777683140375105,106.67238289557969,682857.385186285,1191897.0766049647,2455.605831561754
198,"Hung Gia Corp, 285/62, Cách Mạng Tháng Tám, Phường 10, Quận 3, Thành phố Hồ Chí Minh, 70150",10.777653477005689,106.6778687640013,683457.385186285,1191897.0766049647,1873.4993995195443
199,"Sành Điệu, Tú Xương, Phường 7, Quận 3, Thành phố Hồ Chí Minh, 7000000",10.777623716600175,106.68335461640223,684057.385186285,1191897.0766049647,1307.6696830622377
200,"piano cafe Q3, Hồ Xuân Hương, Phường 6, Quận 3, Thành phố Hồ Chí Minh, 7000000",10.777593859159898,106.68884045273013,684657.385186285,1191897.0766049647,793.7253933194359
201,"Ðường Trong Dinh Thống Nhất, Phường Bến Thành, Quận 1, Thành phố Hồ Chí Minh, 00084",10.777563904686225,106.69432627293271,685257.385186285,1191897.0766049647,519.6152422707528
202,"Nhà hàng Ngon, 160, Pasteur, Phường Bến Nghé, Quận 1, Thành phố Hồ Chí Minh, 00084",10.777533853180495,106.69981207695766,685857.385186285,1191897.0766049647,793.7253933194359
203,"Aquari, 9, Thi Sách, Phường Bến Nghé, Quận 1, Thành phố Hồ Chí Minh, 77000",10.777503704644074,106.70529786475264,686457.385186285,1191897.0766049647,1307.6696830622377
204,"Phường Thủ Thiêm, Quận 2, Thành phố Hồ Chí Minh, 77000",10.777473459078324,106.71078363626535,687057.385186285,1191897.0766049647,1873.4993995195443
205,"Lương Định Của, Phường An Khánh, Quận 2, Thành phố Hồ Chí Minh, 77000",10.77744311648462,106.71626939144349,687657.385186285,1191897.0766049647,2455.605831561754
206,"Nguyễn Cơ Thạch, Phường An Khánh, Quận 2, Thành phố Hồ Chí Minh, 77000",10.777412676864317,106.72175513023475,688257.385186285,1191897.0766049647,3044.667469527681
207,"Trần Não, Phường An Lợi Đông, Quận 2, Thành phố Hồ Chí Minh, 71108",10.777382140218814,106.7272408525868,688857.385186285,1191897.0766049647,3637.306695894655
208,"Đường số 11, Phường An Lợi Đông, Quận 2, Thành phố Hồ Chí Minh, NGÔ TẤT TỐ",10.77735150654947,106.73272655844738,689457.385186285,1191897.0766049647,4232.020793899776
209,"Phường Bình Khánh, Quận 2, Thành phố Hồ Chí Minh, NGÔ TẤT TỐ",10.777320775857685,106.73821224776415,690057.385186285,1191897.0766049647,4828.043081829334
210,"Cầu Đảo Kim Cương, Phường Bình Khánh, Quận 2, Thành phố Hồ Chí Minh, NGÔ TẤT TỐ",10.777289948144844,106.74369792048479,690657.385186285,1191897.0766049647,5424.9423960075455
211,"Hẻm 25 Nguyễn Minh Châu, Phường Hòa Thạnh, Quận Tân Phú, Thành phố Hồ Chí Minh, 711001",10.782542082672364,106.64223581268956,679557.385186285,1192416.6918472354,5793.962374748422
212,"Hẻm 107 Ni sư Huỳnh Liên, Phường 10, Quận Tân Bình, Thành phố Hồ Chí Minh, 711001",10.78251294003624,106.64772185330601,680157.385186285,1192416.6918472354,5204.805471869277
213,"Thành Mỹ, Phường 8, Quận Tân Bình, Thành phố Hồ Chí Minh, 711001",10.782483700313414,106.65320787818831,680757.385186285,1192416.6918472354,4618.441295502236
214,"Hẻm 100/3 Đất Thánh, Phường 6, Quận Tân Bình, Thành phố Hồ Chí Minh, 70000000",10.782454363505217,106.65869388728416,681357.385186285,1192416.6918472354,4036.0872141221594
215,"bs Hiền, Nguyễn Giàn Thanh, Phường 15, Quận 10, Thành phố Hồ Chí Minh, 749000",10.78242492961297,106.66417988054121,681957.385186285,1192416.6918472354,3459.768778401293
216,"Hẻm 575/31 Cách mạng tháng 8, Phường 15, Quận 10, Thành phố Hồ Chí Minh, 2053966",10.78239539863801,106.66966585790716,682557.385186285,1192416.6918472354,2893.095228297951
217,"Hẻm 358 CMTT, Phường 10, Quận 3, Thành phố Hồ Chí Minh, 70150",10.782365770581674,106.67515181932968,683157.385186285,1192416.6918472354,2343.074902772076
218,"Nhà thờ Đức Mẹ Hằng Cứu Giúp - Dòng Chúa Cứu Thế, Bà Huyện Thanh Quan, Phường 9, Quận 3, Thành phố Hồ Chí Minh, 70150",10.782336045445293,106.68063776475645,683757.385186285,1192416.6918472354,1824.828759089568
219,"Võ Thị Sáu, Phường 7, Quận 3, Thành phố Hồ Chí Minh, 028",10.782306223230217,106.68612369413516,684357.385186285,1192416.6918472354,1374.7727084868875
220,"Mathnasium, 3, Ngô Thời Nhiệm, Phường 6, Quận 3, Thành phố Hồ Chí Minh, 7000000",10.782276303937794,106.69160960741348,684957.385186285,1192416.6918472354,1081.665382639369
221,"Rooftop Pool, Đường Nguyễn Thị Minh Khai, Phường 6, Quận 1, Thành phố Hồ Chí Minh, 70206",10.782246287569379,106.69709550453912,685557.385186285,1192416.6918472354,1081.665382639369
222,"Bệnh viện Nhi Đồng 2, 14, Lý Tự Trọng, Phường Bến Nghé, Quận 1, Thành phố Hồ Chí Minh, 77000",10.782216174126326,106.70258138545974,686157.385186285,1192416.6918472354,1374.7727084868875
223,"Ba Son (dự kiến), Tôn Đức Thắng, Phường Bến Nghé, Quận 1, Thành phố Hồ Chí Minh, 77000",10.782185963610003,106.70806725012301,686757.385186285,1192416.6918472354,1824.828759089568
224,"rạch, Đại lộ vòng cung, Phường An Khánh, Quận 2, Thành phố Hồ Chí Minh, 77000",10.782155656021768,106.71355309847665,687357.385186285,1192416.6918472354,2343.074902772076
225,"Phường An Khánh, Quận 2, Thành phố Hồ Chí Minh, NGÔ TẤT TỐ",10.782125251362999,106.71903893046833,687957.385186285,1192416.6918472354,2893.095228297951
226,"Phường An Khánh, Quận 2, Thành phố Hồ Chí Minh, NGÔ TẤT TỐ",10.782094749635064,106.72452474604576,688557.385186285,1192416.6918472354,3459.768778401293
227,"Phường Bình Khánh, Quận 2, Thành phố Hồ Chí Minh, NGÔ TẤT TỐ",10.782064150839345,106.73001054515657,689157.385186285,1192416.6918472354,4036.0872141221594
228,"Phường Bình Khánh, Quận 2, Thành phố Hồ Chí Minh, NGÔ TẤT TỐ",10.78203345497723,106.73549632774852,689757.385186285,1192416.6918472354,4618.441295502236
229,"Mai Chí Thọ, Phường Bình Khánh, Quận 2, Thành phố Hồ Chí Minh, 71108",10.7820026620501,106.74098209376926,690357.385186285,1192416.6918472354,5204.805471869277
230,"Phường Bình Khánh, Quận 2, Thành phố Hồ Chí Minh, NGÔ TẤT TỐ",10.781971772059356,106.74646784316649,690957.385186285,1192416.6918472354,5793.962374748422
231,"Phường 10, Quận Tân Bình, Thành phố Hồ Chí Minh, 711001",10.787225043865055,106.6450043667115,679857.385186285,1192936.307089506,5620.498198558568
232,"Hẻm 985/8/22 Lạc Long Quân, Phường 11, Quận Tân Bình, Thành phố Hồ Chí Minh, 711001",10.787195839674252,106.65049048452218,680457.385186285,1192936.307089506,5046.7811523782275
233,"Vân Côi, Cư xá Tự Do, Phường 7, Quận Tân Bình, Thành phố Hồ Chí Minh, 711001",10.787166538354152,106.65597658657137,681057.385186285,1192936.307089506,4479.955356920436
234,"Hẻm 783 Cách mạng tháng 8, Phường 6, Quận Tân Bình, Thành phố Hồ Chí Minh, 700",10.78713713990606,106.66146267280673,681657.385186285,1192936.307089506,3923.0090491866204
235,"Hẻm 590 CMTT, Phường 11, Quận 3, Thành phố Hồ Chí Minh, 700",10.787107644331329,106.66694874317598,682257.385186285,1192936.307089506,3380.82830087541
236,"149/16, Hẻm 219 Trần Văn Ðang, Phường 11, Quận 3, Thành phố Hồ Chí Minh, 2053966",10.787078051631273,106.67243479762674,682857.385186285,1192936.307089506,2861.8176042508567
237,"Ramana, Hẻm 315 Lê Văn Sỹ, Phường 13, Quận 3, Thành phố Hồ Chí Minh, 70150",10.787048361807239,106.67792083610674,683457.385186285,1192936.307089506,2381.176179958155
238,"Trường Sa, Phường 17, Quận 3, Thành phố Hồ Chí Minh, 028",10.787018574860568,106.68340685856361,684057.385186285,1192936.307089506,1967.2315572906286
239,"Phở Hòa Pasteur, 260C, Pasteur, Phường 8, Quận 3, Thành phố Hồ Chí Minh, 028",10.786988690792612,106.68889286494505,684657.385186285,1192936.307089506,1670.3293088490402
240,"Công viên Lê Văn Tám, Ðiện Biên Phủ, Phường Đa Kao, Quận 1, Thành phố Hồ Chí Minh, 100081",10.786958709604713,106.69437885519875,685257.385186285,1192936.307089506,1558.8457268120255
241,"Magnon Studio, Lầu 7, Hẻm 18A Nguyễn Thị Minh Khai, Phường Đa Kao, Quận 1, Thành phố Hồ Chí Minh, 70206",10.786928631298235,106.69986482927237,685857.385186285,1192936.307089506,1670.3293088490402
242,"Zoo & Botanical Gardens Tickets & Entrance. 50,000₫., Nguyễn Bỉnh Khiêm, Phường Bến Nghé, Quận 1, Thành phố Hồ Chí Minh, 77000",10.786898455874537,106.70535078711362,686457.385186285,1192936.307089506,1967.2315572906286
243,"Aqua 2, Nguyen Ngoc Phuong, Phường 19, Quận Bình Thạnh, Thành phố Hồ Chí Minh, NGÔ TẤT TỐ",10.78686818333498,106.71083672867013,687057.385186285,1192936.307089506,2381.176179958155
244,"Song Tap Him Lam, Ngô Tất Tố, Phường 22, Quận Bình Thạnh, Thành phố Hồ Chí Minh, NGÔ TẤT TỐ",10.78683781368094,106.71632265388963,687657.385186285,1192936.307089506,2861.8176042508567
245,"Phường An Khánh, Quận 2, Thành phố Hồ Chí Minh, NGÔ TẤT TỐ",10.786807346913783,106.72180856271977,688257.385186285,1192936.307089506,3380.82830087541
246,"Phường Bình An, Quận 2, Thành phố Hồ Chí Minh, NGÔ TẤT TỐ",10.786776783034886,106.72729445510826,688857.385186285,1192936.307089506,3923.0090491866204
247,"87, Lương Định Của, Phường Bình An, Quận 2, Thành phố Hồ Chí Minh, NGÔ TẤT TỐ",10.786746122045642,106.73278033100277,689457.385186285,1192936.307089506,4479.955356920436
248,"Chợ Bình Khánh, Đường số 3, Phường Bình Khánh, Quận 2, Thành phố Hồ Chí Minh, NGÔ TẤT TỐ",10.78671536394743,106.738266190351,690057.385186285,1192936.307089506,5046.7811523782275
249,"Số 1, Phường Bình Khánh, Quận 2, Thành phố Hồ Chí Minh, NGÔ TẤT TỐ",10.78668450874164,106.74375203310062,690657.385186285,1192936.307089506,5620.498198558568
250,"Nguyễn Bá Tòng, Phường 11, Quận Tân Bình, Thành phố Hồ Chí Minh, 711001",10.791907966303219,106.647773013663,680157.385186285,1193455.9223317767,5507.267925205793
251,"Bệnh viện Thống Nhất, Hẻm 717 Lý Thường Kiệt, Phường 11, Quận Tân Bình, Thành phố Hồ Chí Minh, 711001",10.79187870051442,106.65325920869287,680757.385186285,1193455.9223317767,4956.813492557544
252,"Hẻm 1036/20/7 Cách mạng tháng 8, Phường 5, Quận Tân Bình, Thành phố Hồ Chí Minh, 700",10.791849337553705,106.65874538793393,681357.385186285,1193455.9223317767,4419.275958796929
253,"218/31, Hẻm 218/72, Phường 3, Quận Tân Bình, Thành phố Hồ Chí Minh, 700",10.791819877422405,106.6642315513338,681957.385186285,1193455.9223317767,3900.000000000067
254,"hẻm 414 Huỳnh Văn Bánh, Phường 14, Quận Phú Nhuận, Thành phố Hồ Chí Minh, 700",10.791790320121844,106.66971769884019,682557.385186285,1193455.9223317767,3407.345007480241
255,"Hẻm 244 Huỳnh Văn Bánh, Phường 11, Quận Phú Nhuận, Thành phố Hồ Chí Minh, 08",10.791760665653369,106.67520383040075,683157.385186285,1193455.9223317767,2954.6573405389195
256,"Nhà hàng Ngọc Sương, Hẻm 15c Nguyễn Văn Trỗi, Phường 12, Quận Phú Nhuận, Thành phố Hồ Chí Minh, DISTRICT 3",10.791730914018313,106.68068994596317,683757.385186285,1193455.9223317767,2563.201123595361
257,"Hẻm 475 Hai Bà Trưng, Phường 8, Quận 3, Thành phố Hồ Chí Minh, 028",10.791701065218026,106.6861760454751,684357.385186285,1193455.9223317767,2264.95033058134
258,"Bánh canh Hoàng Ty, Nguyễn Phi Khanh, Phường Tân Định, Quận 1, Thành phố Hồ Chí Minh, 100081",10.791671119253857,106.69166212888423,684957.385186285,1193455.9223317767,2100.000000000124
259,"55-57 Nguyen Van Giai, 55, Nguyễn Văn Giai, Phường Đa Kao, Quận 1, Thành phố Hồ Chí Minh, 84",10.791641076127162,106.69714819613824,685557.385186285,1193455.9223317767,2100.000000000124
260,"Khanh, 1, Nguyễn Ðình Chiểu, Phường Đa Kao, Quận 1, Thành phố Hồ Chí Minh, 760000",10.791610935839296,106.70263424718479,686157.385186285,1193455.9223317767,2264.95033058134
261,"Hẻm 28 Phan Huy Ôn, Phường 19, Quận Bình Thạnh, Thành phố Hồ Chí Minh, NGÔ TẤT TỐ",10.791580698391627,106.70812028197159,686757.385186285,1193455.9223317767,2563.201123595361
262,"Rạch Văn Thánh, Nguyễn Văn Thương, Cư xá Ụ Tàu, Phường 25, Quận Bình Thạnh, Thành phố Hồ Chí Minh, NGÔ TẤT TỐ",10.791550363785516,106.71360630044629,687357.385186285,1193455.9223317767,2954.6573405389195
263,"Đường số 3, Phường 22, Quận Bình Thạnh, Thành phố Hồ Chí Minh, NGÔ TẤT TỐ",10.791519932022343,106.71909230255656,687957.385186285,1193455.9223317767,3407.345007480241
264,"Đướng Vạn Hoa 5, Vinhomes Central Park, Phường 22, Quận Bình Thạnh, Thành phố Hồ Chí Minh, NGÔ TẤT TỐ",10.791489403103474,106.7245782882501,688557.385186285,1193455.9223317767,3900.000000000067
265,"Techcombank, Trần Não, Phường Bình An, Quận 2, Thành phố Hồ Chí Minh, NGÔ TẤT TỐ",10.791458777030302,106.7300642574746,689157.385186285,1193455.9223317767,4419.275958796929
266,"Phường Bình An, Quận 2, Thành phố Hồ Chí Minh, NGÔ TẤT TỐ",10.791428053804204,106.73555021017769,689757.385186285,1193455.9223317767,4956.813492557544
267,"Cao Đức Lân, Phường An Phú, Quận 2, Thành phố Hồ Chí Minh, NGÔ TẤT TỐ",10.79139723342657,106.74103614630712,690357.385186285,1193455.9223317767,5507.267925205793
268,"Hẻm 291, Phường 14, Quận Tân Bình, Thành phố Hồ Chí Minh, 711001",10.796620080167646,106.64505546555844,679857.385186285,1193975.5375740472,5992.4953066314465
269,"Hẻm 22 Trương Hoàng Thanh, Phường 12, Quận Tân Bình, Thành phố Hồ Chí Minh, 711001",10.79659084995337,106.65054175359637,680457.385186285,1193975.5375740472,5458.021619598067
270,"Cao đẳng kỹ thuật Lý Tự Trọng, 390, Hoàng Văn Thụ, Phường 4, Quận Tân Bình, Thành phố Hồ Chí Minh, 700",10.796561522523241,106.65602802587044,681057.385186285,1193975.5375740472,4938.623289946289
271,"Hẻm 71/2 Nguyễn Bặc, Phường 3, Quận Tân Bình, Thành phố Hồ Chí Minh, 700",10.796532097878586,106.66151428232833,681657.385186285,1193975.5375740472,4439.5945760846125
272,"Đại học Tài Nguyên và Môi Trường TPHCM, Hẻm 236B Lê Văn Sỹ, Phường 1, Quận Tân Bình, Thành phố Hồ Chí Minh, 700",10.79650257602074,106.66700052291766,682257.385186285,1193975.5375740472,3968.6269665968744
273,"Mot Hai Bar, Trương Quốc Dung, Phường 10, Quận Phú Nhuận, Thành phố Hồ Chí Minh, 08",10.796472956951028,106.67248674758618,682857.385186285,1193975.5375740472,3536.9478367654656
274,"120/17, Hẻm 120 Trần Huy Liệu, Phường 15, Quận Phú Nhuận, Thành phố Hồ Chí Minh, 08",10.7964432406708,106.6779729562815,683457.385186285,1193975.5375740472,3160.6961258558067
275,"Hẻm 71 Cô Giang, Phường 1, Quận Phú Nhuận, Thành phố Hồ Chí Minh, 028",10.796413427181397,106.68345914895129,684057.385186285,1193975.5375740472,2861.8176042508208
276,"CN DNTN Khách Sạn Thái Anh, 64/20, Cù Lao, Phường 2, Quận Phú Nhuận, Thành phố Hồ Chí Minh, 700000",10.79638351648417,106.68894532554324,684657.385186285,1193975.5375740472,2666.458325194659
277,"Hẻm 87/61 Đinh Tiên Hoàng, Phường 3, Quận Bình Thạnh, Thành phố Hồ Chí Minh, 100081",10.796353508580465,106.694431486005,685257.385186285,1193975.5375740472,2598.0762113532983
278,"Hẻm 57 Điện Biên Phủ, Phường 15, Quận Bình Thạnh, Thành phố Hồ Chí Minh, 760000",10.796323403471643,106.69991763028428,685857.385186285,1193975.5375740472,2666.458325194659
279,"Mujo, Hẻm 135 Nguyễn Cửu Vân, Phường 17, Quận Bình Thạnh, Thành phố Hồ Chí Minh, 8428",10.796293201159063,106.70540375832871,686457.385186285,1193975.5375740472,2861.8176042508208
280,"Hẻm 124 Xô Viết Nghệ Tĩnh, Phường 21, Quận Bình Thạnh, Thành phố Hồ Chí Minh, NGÔ TẤT TỐ",10.796262901644093,106.71088987008599,687057.385186285,1193975.5375740472,3160.6961258558067
281,"Hẻm 135/1 Nguyễn Hữu Cảnh, Phường 22, Quận Bình Thạnh, Thành phố Hồ Chí Minh, NGÔ TẤT TỐ",10.796232504928104,106.71637596550379,687657.385186285,1193975.5375740472,3536.9478367654656
282,"Vinhomes Central Park, Phường 22, Quận Bình Thạnh, Thành phố Hồ Chí Minh, NGÔ TẤT TỐ",10.796202011012472,106.72186204452979,688257.385186285,1193975.5375740472,3968.6269665968744
283,"Phường Bình An, Quận 2, Thành phố Hồ Chí Minh, NGÔ TẤT TỐ",10.796171419898572,106.72734810711164,688857.385186285,1193975.5375740472,4439.5945760846125
284,"Phường Bình An, Quận 2, Thành phố Hồ Chí Minh, NGÔ TẤT TỐ",10.796140731587798,106.73283415319703,689457.385186285,1193975.5375740472,4938.623289946289
285,"Phường An Phú, Quận 2, Thành phố Hồ Chí Minh, NGÔ TẤT TỐ",10.796109946081524,106.73832018273367,690057.385186285,1193975.5375740472,5458.021619598067
286,"27A Khu C, Phường An Phú, Quận 2, Thành phố Hồ Chí Minh, 717402",10.796079063381145,106.7438061956692,690657.385186285,1193975.5375740472,5992.4953066314465
287,"Hẻm 134 Hoàng Hoa Thám, Phường 12, Quận Tân Bình, Thành phố Hồ Chí Minh, 711001",10.801302986638348,106.6478242212295,680157.385186285,1194495.152816318,5977.45765355142
288,"PICO Plaza Cộng Hòa, Hẻm, Phường 12, Quận Tân Bình, Thành phố Hồ Chí Minh, 700",10.80127369478202,106.65331058656395,680757.385186285,1194495.152816318,5474.486277268438
289,"Hẻm 78 Cộng Hòa, Phường 4, Quận Tân Bình, Thành phố Hồ Chí Minh, 741039",10.80124430566723,106.6587969361072,681357.385186285,1194495.152816318,4992.995093128016
290,"Hồ nước ở công viên, Hoàng Văn Thụ, Phường 2, Quận Tân Bình, Thành phố Hồ Chí Minh, 700",10.801214819295305,106.66428326980689,681957.385186285,1194495.152816318,4539.823785126516
291,"T-one Tân Sơn Nhất, Hoàng Văn Thụ, Phường 1, Quận Phú Nhuận, Thành phố Hồ Chí Minh, 700",10.801185235667582,106.66976958761067,682557.385186285,1194495.152816318,4124.3181254603105
292,"Diamond Place, 15A, Dường Hồ Văn Huê, Phường 9, Quận Phú Nhuận, Thành phố Hồ Chí Minh, 70048",10.801155554785394,106.67525588946627,683157.385186285,1194495.152816318,3758.9892258425602
293,"Hẻm 178 Phan Đăng Lưu, Phường 3, Quận Phú Nhuận, Thành phố Hồ Chí Minh, 725060",10.801125776650085,106.6807421753213,683757.385186285,1194495.152816318,3459.7687784013037
294,"Hẻm 50 Phùng Văn Cung, Phường 7, Quận Phú Nhuận, Thành phố Hồ Chí Minh, 725060",10.801095901263006,106.68622844512343,684357.385186285,1194495.152816318,3244.9961479176595
295,"Hẻm 62/2 Nguyễn Lâm, Phường 7, Quận Phú Nhuận, Thành phố Hồ Chí Minh, 717000",10.801065928625501,106.69171469882036,684957.385186285,1194495.152816318,3132.091952673237
296,"Lăng Ông - Bà Chiểu, Trịnh Hoài Đức, Phường 1, Quận Bình Thạnh, Thành phố Hồ Chí Minh, 717000",10.801035858738931,106.69720093635972,685557.385186285,1194495.152816318,3132.091952673237
297,"Hẻm 146/59 Vũ Tùng, Phường 2, Quận Bình Thạnh, Thành phố Hồ Chí Minh, 8428",10.801005691604647,106.70268715768918,686157.385186285,1194495.152816318,3244.9961479176595
298,"Điện Biên Phủ, Phường 15, Quận Bình Thạnh, Thành phố Hồ Chí Minh, 8428",10.800975427224033,106.70817336275644,686757.385186285,1194495.152816318,3459.7687784013037
299,"Ngã 4 Hàng Xanh, 500-502, Điện Biên Phủ, Phường 21, Quận Bình Thạnh, Thành phố Hồ Chí Minh, 8428",10.800945065598441,106.71365955150915,687357.385186285,1194495.152816318,3758.9892258425602
300,"Hẻm 4A/2 đường D1, Cư xá Ụ Tàu, Phường 25, Quận Bình Thạnh, Thành phố Hồ Chí Minh, NGÔ TẤT TỐ",10.800914606729247,106.719145723895,687957.385186285,1194495.152816318,4124.3181254603105
301,"Tân Cảng, Ung Văn Khiêm, Cư xá Ụ Tàu, Phường 25, Quận Bình Thạnh, Thành phố Hồ Chí Minh, 717402",10.80088405061783,106.72463187986162,688557.385186285,1194495.152816318,4539.823785126516
302,"Trần Não, Phường Thảo Điền, Quận 2, Thành phố Hồ Chí Minh, 717402",10.800853397265573,106.73011801935671,689157.385186285,1194495.152816318,4992.995093128016
303,"An Phu Ngoc Pte., Xa Lộ Hà Nội, Phường Thảo Điền, Quận 2, Thành phố Hồ Chí Minh, 717402",10.800822646673865,106.73560414232794,689757.385186285,1194495.152816318,5474.486277268438
304,"Nhà 16, 52, Song Hành, Phường Bình An, Quận 2, Thành phố Hồ Chí Minh, 717402",10.800791798844088,106.741090248723,690357.385186285,1194495.152816318,5977.45765355142
305,"Phường 4, Quận Tân Bình, Thành phố Hồ Chí Minh, 741039",10.805956500755677,106.65607951261809,681057.385186285,1195014.7680585887,5556.077753235746
306,"Berry Việt, Thăng Long, Phường 4, Quận Tân Bình, Thành phố Hồ Chí Minh, 741039",10.80592704991289,106.66156593945547,681657.385186285,1195014.7680585887,5117.616632769709
307,"SaigonBus Parking, Phổ Quang, Phường 2, Quận Phú Nhuận, Thành phố Hồ Chí Minh, 741039",10.805897501770367,106.66705235042194,682257.385186285,1195014.7680585887,4714.870093650638
308,"Hẻm 112 Phổ Quang, Phường 9, Quận Phú Nhuận, Thành phố Hồ Chí Minh, 741039",10.80586785632943,106.67253874546516,682857.385186285,1195014.7680585887,4357.75171390032
309,"Hẻm 589 Nguyễn Kiệm, Phường 9, Quận Phú Nhuận, Thành phố Hồ Chí Minh, 70048",10.805838113591433,106.6780251245328,683457.385186285,1195014.7680585887,4058.32477754075
310,"Hẻm 68 Thích Quảng Đức, Phường 5, Quận Phú Nhuận, Thành phố Hồ Chí Minh, 725060",10.805808273557714,106.6835114875725,684057.385186285,1195014.7680585887,3830.143600441265
311,"Về Cội, Hẻm 40 Lam Sơn, Phường 6, Quận Phú Nhuận, Thành phố Hồ Chí Minh, 0835151630",10.805778336229622,106.68899783453193,684657.385186285,1195014.7680585887,3686.461718233512
312,"Hẻm 5 Nơ Trang Long, Phường 7, Quận Bình Thạnh, Thành phố Hồ Chí Minh, 717000",10.805748301608517,106.69448416535879,685257.385186285,1195014.7680585887,3637.306695894804
313,"Hẻm 8 Nguyễn Thiện Thuật, Phường 14, Quận Bình Thạnh, Thành phố Hồ Chí Minh, 717000",10.805718169695751,106.69997048000067,685857.385186285,1195014.7680585887,3686.461718233512
314,"Sông Bình Triệu, Hẻm 125 Bùi Đình Túy, Phường 24, Quận Bình Thạnh, Thành phố Hồ Chí Minh, 720000",10.805687940492692,106.7054567784053,686457.385186285,1195014.7680585887,3830.143600441265
315,"Hẻm 405 Xô viết Nghệ Tĩnh, Phường 24, Quận Bình Thạnh, Thành phố Hồ Chí Minh, 720000",10.805657614000705,106.71094306052031,687057.385186285,1195014.7680585887,4058.32477754075
316,"Đường D5, Cư xá Ụ Tàu, Phường 25, Quận Bình Thạnh, Thành phố Hồ Chí Minh, 720000",10.805627190221156,106.7164293262934,687657.385186285,1195014.7680585887,4357.75171390032
317,"Cư xá Ụ Tàu, Phường 25, Quận Bình Thạnh, Thành phố Hồ Chí Minh, 717402",10.805596669155431,106.7219155756722,688257.385186285,1195014.7680585887,4714.870093650638
318,"Phường Thảo Điền, Quận 2, Thành phố Hồ Chí Minh, 717402",10.805566050804904,106.7274018086044,688857.385186285,1195014.7680585887,5117.616632769709
319,"Trường ĐH Quốc tế Sài Gòn, Tống Hữu Định, Phường Thảo Điền, Quận 2, Thành phố Hồ Chí Minh, 717402",10.805535335170962,106.73288802503764,689457.385186285,1195014.7680585887,5556.077753235746
320,"Hẻm 6 Đồ Sơn, Phường 4, Quận Tân Bình, Thành phố Hồ Chí Minh, 741039",10.810639267840843,106.6588485318111,681357.385186285,1195534.3833008592,5700.000000000014
321,"Vietnam Airlines Southern Regional Office, Trường Sơn, Phường 2, Quận Tân Bình, Thành phố Hồ Chí Minh, 741039",10.81060975522673,106.66433503596761,681957.385186285,1195534.3833008592,5307.5418038862545
322,"Hồng Hà, Phường 2, Quận Tân Bình, Thành phố Hồ Chí Minh, 741039",10.810580145270269,106.66982152422584,682557.385186285,1195534.3833008592,4956.813492557507
323,"Trường Trung Học Phổ Thông Phú Nhuận, 5, Hoàng Minh Giám, Phường 9, Quận Phú Nhuận, Thành phố Hồ Chí Minh, 70048",10.810550437972797,106.67530799653345,683157.385186285,1195534.3833008592,4657.252408878024
324,"Hẻm 780/7-9 Nguyễn Kiệm, Phường 4, Quận Phú Nhuận, Thành phố Hồ Chí Minh, 70048",10.810520633335654,106.6807944528381,683757.385186285,1195534.3833008592,4419.275958796888
325,"Hẻm 220 Hoàng Hoa Thám, Phường 5, Quận Bình Thạnh, Thành phố Hồ Chí Minh, 0835151630",10.810490731360193,106.68628089308744,684357.385186285,1195534.3833008592,4253.234063627366
326,"Hẻm 281 Lê Quang Định, Phường 7, Quận Bình Thạnh, Thành phố Hồ Chí Minh, 0835151630",10.810460732047762,106.69176731722914,684957.385186285,1195534.3833008592,4167.73319683496
327,"Nguyễn Khuyến, Phường 12, Quận Bình Thạnh, Thành phố Hồ Chí Minh, +10000",10.810430635399719,106.69725372521086,685557.385186285,1195534.3833008592,4167.73319683496
328,"Đất Phương Nam, Hẻm 245 Chu Văn An, Phường 12, Quận Bình Thạnh, Thành phố Hồ Chí Minh, +10000",10.810400441417432,106.70274011698022,686157.385186285,1195534.3833008592,4253.234063627366
329,"Thuỷ Trúc, Chu Văn An, Cư xá Chu Văn An, Phường 26, Quận Bình Thạnh, Thành phố Hồ Chí Minh, +10000",10.810370150102258,106.70822649248495,686757.385186285,1195534.3833008592,4419.275958796888
330,"Hẻm 702 Xô viết Nghệ Tĩnh, Cư xá Ụ Tàu, Phường 25, Quận Bình Thạnh, Thành phố Hồ Chí Minh, 717402",10.810339761455571,106.71371285167265,687357.385186285,1195534.3833008592,4657.252408878024
331,"Cư xá Ụ Tàu, Phường 25, Quận Bình Thạnh, Thành phố Hồ Chí Minh, 717402",10.810309275478742,106.71919919449104,687957.385186285,1195534.3833008592,4956.813492557507
332,"Phường Thảo Điền, Quận 2, Thành phố Hồ Chí Minh, 717402",10.810278692173156,106.72468552088773,688557.385186285,1195534.3833008592,5307.5418038862545
333,"Quốc Hương, Phường Thảo Điền, Quận 2, Thành phố Hồ Chí Minh, 717402",10.81024801154019,106.73017183081042,689157.385186285,1195534.3833008592,5700.000000000014
334,"Sân bay Quốc tế Tân Sơn Nhất, Hẻm 51/38 Cống Lở, Phường 15, Quận Tân Bình, Thành phố Hồ Chí Minh, 854",10.815321996004025,106.66161764419535,681657.385186285,1196053.99854313,5901.694671871886
335,"Bluesky 3, Bạch Đằng, Phường 2, Quận Tân Bình, Thành phố Hồ Chí Minh, 736463",10.815292421575254,106.66710422569595,682257.385186285,1196053.99854313,5556.0777532357315
336,"Hẻm 1-2 Bạch Đằng, Phường 2, Quận Tân Bình, Thành phố Hồ Chí Minh, 736463",10.815262749761523,106.67259079127092,682857.385186285,1196053.99854313,5256.424640380666
337,"Chợ Tân Sơn Nhất, Hẻm 729 Nguyễn Kiệm, Phường 3, Quận Gò Vấp, Thành phố Hồ Chí Minh, 71409",10.815232980564176,106.67807734086789,683457.385186285,1196053.99854313,5010.987926547121
338,"Hẻm Phạm Văn Đồng, Phường 3, Quận Gò Vấp, Thành phố Hồ Chí Minh, 71409",10.815203113984559,106.68356387443451,684057.385186285,1196053.99854313,4828.043081829429
339,"Lê Quang Định - Nguyễn Thượng Hiền, Lê Quang Định, Phường 1, Quận Bình Thạnh, Thành phố Hồ Chí Minh, 0835151630",10.81517315002402,106.68905039191846,684657.385186285,1196053.99854313,4714.87009365062
340,"Hẻm 37 Mai Xuân Thưởng, Phường 11, Quận Bình Thạnh, Thành phố Hồ Chí Minh, 0835151630",10.815143088683918,106.69453689326735,685257.385186285,1196053.99854313,4676.537180436077
341,"Hẻm 290/56/26 Nơ Trang Long, Phường 12, Quận Bình Thạnh, Thành phố Hồ Chí Minh, +10000",10.815112929965613,106.7000233784289,685857.385186285,1196053.99854313,4714.87009365062
342,"Sông Bình Triệu, Cầu Đỏ, Cư xá Chu Văn An, Phường 26, Quận Bình Thạnh, Thành phố Hồ Chí Minh, +10000",10.815082673870466,106.7055098473507,686457.385186285,1196053.99854313,4828.043081829429
343,"Bến Xe Miền Đông, Hẻm 363 Đinh Bộ Lĩnh, Cư xá Chu Văn An, Phường 26, Quận Bình Thạnh, Thành phố Hồ Chí Minh, +10000",10.815052320399847,106.71099629998047,687057.385186285,1196053.99854313,5010.987926547121
344,"Nhà thờ Thanh Đa, Tầm Vu, Cư xá Chu Văn An, Phường 26, Quận Bình Thạnh, Thành phố Hồ Chí Minh, 717402",10.81502186955513,106.71648273626582,687657.385186285,1196053.99854313,5256.424640380666
345,"Phường 27, Quận Bình Thạnh, Thành phố Hồ Chí Minh, 717402",10.814991321337692,106.72196915615443,688257.385186285,1196053.99854313,5556.0777532357315
346,"River Garden, 170, Nguyễn Văn Hưởng, Phường Thảo Điền, Quận 2, Thành phố Hồ Chí Minh, 717402",10.814960675748914,106.72745555959395,688857.385186285,1196053.99854313,5901.694671871886
347,"Đặng Văn Sâm, Phường 9, Quận Phú Nhuận, Thành phố Hồ Chí Minh, 70048",10.819975048924965,106.66987350869286,682557.385186285,1196573.6137854008,5855.766388783116
348,"Hẻm 345/35 Nguyễn Văn Công, Phường 3, Quận Gò Vấp, Thành phố Hồ Chí Minh, 736463",10.81994531521063,106.67536015160952,683157.385186285,1196573.6137854008,5604.462507681004
349,"Bệnh viện 175, 786, Nguyễn Kiệm, Phường 3, Quận Gò Vấp, Thành phố Hồ Chí Minh, 71409",10.819915484070073,106.68084677852083,683757.385186285,1196573.6137854008,5408.326913196173
350,"Cafe Sao, Hẻm 69 Lê Lợi, Phường 4, Quận Gò Vấp, Thành phố Hồ Chí Minh, 71409",10.819885555504646,106.6863333893744,684357.385186285,1196573.6137854008,5273.518749374279
351,"Phạm Văn Đồng, Phường 1, Quận Bình Thạnh, Thành phố Hồ Chí Minh, 0835151630",10.819855529515696,106.69181998411788,684957.385186285,1196573.6137854008,5204.805471869439
352,"Hẻm 332 Phan Văn Trị, Phường 11, Quận Bình Thạnh, Thành phố Hồ Chí Minh, 0835151630",10.819825406104588,106.69730656269896,685557.385186285,1196573.6137854008,5204.805471869439
353,"Hẻm 355 Nơ Trang Long, Phường 13, Quận Bình Thạnh, Thành phố Hồ Chí Minh, +10000",10.819795185272685,106.70279312506526,686157.385186285,1196573.6137854008,5273.518749374279
354,"Sông Bình Triệu, Vũ Ngọc Phan, Phường 13, Quận Bình Thạnh, Thành phố Hồ Chí Minh, QUAN THU DUC",10.819764867021348,106.70827967116445,686757.385186285,1196573.6137854008,5408.326913196173
355,"Cầu Bình Triệu 1, Quốc lộ 13, Cư xá Chu Văn An, Phường 26, Quận Bình Thạnh, Thành phố Hồ Chí Minh, QUAN THU DUC",10.819734451351955,106.71376620094418,687357.385186285,1196573.6137854008,5604.462507681004
356,"Hẻm 28 Thanh Đa, Phường 27, Quận Bình Thạnh, Thành phố Hồ Chí Minh, 71740",10.819703938265876,106.71925271435211,687957.385186285,1196573.6137854008,5855.766388783116
357,"Hẻm 30 Nguyễn Văn Công, Phường 3, Quận Gò Vấp, Thành phố Hồ Chí Minh, 71409",10.824627841584082,106.678129605294,683457.385186285,1197093.2290276713,5992.495306631506
358,"Hẻm 84/10 Lý Thường Kiệt, Phường 7, Quận Gò Vấp, Thành phố Hồ Chí Minh, 71409",10.824597948456983,106.68361630954459,684057.385186285,1197093.2290276713,5840.3767001795895
359,"City House, Hẻm 118 Huỳnh Khương An, Phường 5, Quận Gò Vấp, Thành phố Hồ Chí Minh, 71409",10.824567957862406,106.68910299771007,684657.385186285,1197093.2290276713,5747.173218200459
360,"Đường sô 8, Cityland Garden Hills Gò Vấp, Phường 5, Quận Gò Vấp, Thành phố Hồ Chí Minh, 0835151630",10.824537869801713,106.69458966973806,685257.385186285,1197093.2290276713,5715.767664977349
361,"Phường 13, Quận Bình Thạnh, Thành phố Hồ Chí Minh, +10000",10.824507684276265,106.70007632557628,685857.385186285,1197093.2290276713,5747.173218200459
362,"Hẻm 543/4 Phạm Văn Đồng, Phường 13, Quận Bình Thạnh, Thành phố Hồ Chí Minh, QUAN THU DUC",10.82447740128743,106.70556296517229,686457.385186285,1197093.2290276713,5840.3767001795895
363,"Phạm Văn Đồng, Phường Hiệp Bình Chánh, Quận Thủ Đức, Thành phố Hồ Chí Minh, QUAN THU DUC",10.82444702083657,106.71104958847381,687057.385186285,1197093.2290276713,5992.495306631506
